﻿<?xml version="1.0" encoding="utf-8" ?>
<uexplugins>
    <plugin uexName="uexQQ" version="3.0.7" build = "7">
        <info>7:更新sdk,修正部分回调bug,(1,2)修正打开增量开关后,图片获取不到的问题,增加getUserInfo接口</info>
        <build>6:新增getUserInfo获取用户信息接口</build>
        <build>5:修复qq图文分享错误</build>
        <build>4:修复只能登录一次问题</build>
        <build>3:新增isQQInstalled检查QQ客户端是否已安装的方法</build>
        <build>2:修改cbLogin方法参数</build>
        <build>1:AndroidManifest.xml中添加必要权限</build>
        <build>0:QQ登录及分享插件</build>
    </plugin>
</uexplugins>
