<?xml version="1.0" encoding="utf-8"?>
<uexplugins>
    <plugin
        uexName="uexImage" version="3.0.13" build="13">
        <info>13:优化图片选择器按照图片修改时间排序</info>
        <build>12:更换图片加载中资源文件</build>
        <build>11:优化图片剪裁功能，优化图片选择器倒序加载图片</build>
        <build>10:针对保存图片到相册接口，修复开启增量更新时的res协议路径的bug</build>
        <build>9:修复开启增量更新时的res协议路径的bug</build>
        <build>8:修复单张图片在图片浏览器上title不正确的问题，优化裁剪后图片的命名</build>
        <build>7:修复在华为GEM-730L上裁剪图片时显示为圆形的问题</build>
        <build>6:优化图片目录加载慢，内存占用高，图片预览时的屏幕适配问题</build>
        <build>5:更换头部的UI背景</build>
        <build>4:修复在华为机型的图片裁剪闪退的问题，与iOS同步图片剪裁器</build>
        <build>3:修复在某些机型上图片裁剪失败的问题</build>
        <build>2:修复图片压缩质量错误问题</build>
        <build>1:去掉插件中的ActivityGroup,配合引擎升级</build>
        <build>0:图片插件</build>
    </plugin>
</uexplugins>