<?xml version="1.0" encoding="utf-8"?>
<uexplugins>
    <plugin uexName="uexEasemob" version="3.0.18" build="18">
        <info>18:修改cbGetMessageHistory与文档不一致的问题</info>
        <build>17:支持initEasemob配置key</build>
        <build>16:修复退出再登陆，聊天记录只有一条的问题</build>
        <build>15:去掉特殊字符</build>
        <build>14:修复CMD消息json不能解析的问题</build>
        <build>13:修复重新登陆后消息记录remoteUrl为空的问题</build>
        <build>12:发送附件支持wgt,wgts协议</build>
        <build>11:添加创建群回调onGroupCreated</build>
        <build>10:添加getRecentChatters接口</build>
        <build>9:支持离线消息</build>
        <build>8:getGroup添加groupName,groupDescription字段</build>
        <build>7:getChatterInfo增加返回新加好友的聊天记录</build>
        <build>6:添加getTotalUnreadMsgCount接口</build>
        <build>5:升级环信SDK</build>
        <build>4:发送语音添加length参数</build>
        <build>3:添加sendHasReadResponseForMessage等接口</build>
        <build>2:添加getChatterInfo接口</build>
        <build>0:环信插件</build>
    </plugin>
</uexplugins>
