<?xml version="1.0" encoding="utf-8"?>
<uexplugins>
   <!-- plugin uexESurfingRtc -->
    <plugin
        uexName="uexESurfingRtc" version="3.1.6" build="6">
	<info>6:支持单例，全部回调到root页
		增加文本聊天接口
		完善事件通知
		调整callType的值
	</info>
	<build>5:升级RTC sdk_2.6</build>
        <build>4:升级RTC sdk_2.5</build>
        <build>3:添加设置appKey和appId的回调。</build>
        <build>2:升级RTC sdk。</build>
        <build>0:初始化插件。</build>
    </plugin>
</uexplugins>
