﻿<?xml version="1.0" encoding="utf-8"?>
<uexplugins>
    <plugin
        uexName="uexDownloaderMgr" version="3.0.10" build="10">
        <info>10:增加新的 header以及plugin里面的子应用的appId和appkey都按照主应用为准</info>
        <build>9:增加appVerify校验头</build>
        <build>8:https下载时可以支持预置证书；增大下载缓冲区；支持中文url;增强稳定性</build>
        <build>7:修复不支持HTTPS问题</build>
        <build>6:新增setHeaders接口</build>
        <build>5:引擎更新后，修复取消下载提示不准确的问题</build>
        <build>4:修复下载速度慢的问题，修复取消下载提示不准确问题</build>
        <build>3:新增接口cancelDownload</build>
        <build>2:修复下载速度的问题</build>
        <build>1:修复下载完成之后，无法打开，文件不存在的问题</build>
        <build>0:下载管理功能插件</build>
    </plugin>
</uexplugins>
