﻿<?xml version="1.0" encoding="utf-8" ?>
<uexplugins>
	<plugin uexName="uexXmlHttpMgr" version="3.0.22" build = "22">
		<info>22:支持后台运行插件。</info>
		<build>21:修改请求对象唯一标识符按String类型处理。</build>
		<build>20:增加新的 header以及plugin里面的子应用的appId和appkey都按照主应用为准</build>
		<build>19:增加clearCookie接口，用于删除cookie信息</build>
		<build>18:修复Https无证书时OutOfMemoryError问题</build>
		<build>17:修复子应用默认证书密码解密错误的问题</build>
		<build>16:修复证书路径解析错误问题</build>
		<build>15:onData回调函数参数修改</build>
		<build>14:处理网络超时，并回调给网页端</build>
		<build>13:添加getCookie接口</build>
		<build>12:修复网络出错时的Status code</build>
		<build>11:修复退出应用时ANR问题</build>
		<build>10:修改onData回调方法中result参数的返回值信息</build>
		<build>9:修改timeOut为空或者为0的时候的默认请求超时时间为30*1000</build>
		<build>8:修复请求设置证书不成功的问题</build>
		<build>7:修改onData回调方法参数requestCode为必选参数</build>
		<build>6:修复请求不到数据的问题</build>
		<build>5:新增put请求和delete请求</build>
		<build>4:修复没有调用setAppVerify方法而导致的空指针问题</build>
		<build>3:修复变量未定义的问题</build>
        <build>2:修复不能在请求头中加入appVerify字段的问题</build>
		<build>1:修复增加了对重定向url的处理</build>
        <build>0:跨域异步请求功能插件</build>
	</plugin>
</uexplugins>