﻿<?xml version="1.0" encoding="utf-8"?>
<uexplugins>
    <plugin
        uexName="uexLoadingView" version="3.0.6" build="6">
        <info>6:解决空指针报错问题</info>
        <build>5:添加圆形loading 动画效果</build>
        <build>4:去掉插件中的ActivityGroup,配合引擎升级</build>
        <build>3:修改open接口</build>
        <build>2:修复第二次打开界面空指针问题</build>
        <build>1:clean函数中调用close方法</build>
        <build>0:LoadingView插件基础版</build>
    </plugin>
</uexplugins>
