﻿<?xml version="1.0" encoding="utf-8"?>
<uexplugins>
    <plugin
        uexName="uexInputTextFieldView" version="3.0.8" build="8">
        <info>8.修改EditText和webview中的输入框抢焦点的问题</info>
        <build>7:1.修改open接口，可设置发送按钮颜色和按钮字体的颜色。
                2.去掉open传入的按钮颜色和字体颜色首尾的空格。</build>
        <build>6:修改发送按钮为默认显示</build>
        <build>5:修复点击输入框再点击物理返回键，直接退出插件问题</build>
        <build>4:修改open接口</build>
        <build>3:修复插件关闭时系统键盘还显示问题</build>
        <build>2:修复第二次打开界面空指针问题</build>
        <build>1:clean函数中调用close方法</build>
        <build>0:InputTextFieldView插件基础版</build>
    </plugin>
</uexplugins>
