﻿<?xml version="1.0" encoding="utf-8"?>
<uexplugins>
    <plugin
        uexName="uexChatKeyboard" version="3.0.15" build="15">
        <info>15:解决某些机型收不到getInputBarHeight回调的问题</info>
        <build>14:修复部分机型显示不全的问题,修复关闭白屏问题,修复部分机型屏幕宽度获取不对的问题,修复键盘遮蔽问题有时候页面推动过多的问题</build>
        <build>13:优化点击非键盘区域收回键盘时的判断机制,代码逻辑调整优化.</build>
        <build>12:修正键盘弹出效果,修正声音相关回调问题,修正关闭崩溃错误,添加自定义参数,部分代码优化</build>
        <build>11:去掉LocalActivityManager</build>
        <build>10:open接口新增参数inputMode默认输入方式</build>
        <build>9:修改EditText和webview中的输入框抢焦点问题</build>
        <build>8:添加收回键盘接口;添加键盘状态的回调接口;部分代码的逻辑优化;添加onCommitJson回调,解决输入特殊字符的问题;</build>
        <build>7:添加获取输入框高度的接口</build>
        <build>6:修复点击表情，再点击空白区域，再点击输入框时撑满屏幕的问题</build>
        <build>5:修复点击输入框再点击物理返回键，直接退出插件问题</build>
        <build>4:修改open接口</build>
        <build>3:修复插件关闭时系统键盘还显示问题</build>
        <build>2:修复第二次打开界面空指针问题</build>
        <build>1:clean函数中调用close方法</build>
        <build>0:ChatKeyboard插件基础版</build>
    </plugin>
</uexplugins>
