<?xml version="1.0" encoding="utf-8"?>
<uexplugins>
    <plugin
        uexName="uexLocation" version="3.0.7" build="7">
        <info>7:修复bug支持后台定位插件</info>
        <build>6:sdk升级</build>
        <build>5:修复getAddress方法flag为1时返回json格式不正确的问题</build>
        <build>4:移动插件包中的定位jar包和so文件至引擎中</build>
        <build>3:新增getAddress接口参数</build>
        <build>2:修改uexLocation不能在关闭gprs 和wifi的时候使用gps 获取坐标</build>
        <build>1:修改配置文件兼容IDE</build>
        <build>0:定位功能插件</build>
    </plugin>
</uexplugins>