<?xml version="1.0" encoding="utf-8"?>
<uexplugins>
    <plugin
        uexName="uexCoverFlow2" version="3.1.6" build="6">
        <info>6:去掉插件中的ActivityGroup,配合引擎升级。</info>
        <build>5:修复open接口传入小数时异常的问题。</build>
        <build>4:1.修复图片小于4张一直显示默认图片的问题；
                 2.修复开启硬件加速后，图片歪的问题。</build>
        <build>3:修复图片倒影问题</build>
        <build>2:修复图片显示被截断的问题</build>
        <build>1:修改网络图片不显示，去掉白色边框和倒影</build>
        <build>0:旋转木马功能插件</build>
    </plugin>
</uexplugins>