﻿<?xml version="1.0" encoding="utf-8" ?>
<uexplugins>
    <plugin uexName="uexTimeMachine" version="3.0.4" build = "4">
        <info>4:去掉插件中的ActivityGroup,配合引擎升级</info>
        <build>3:修复没有旋转效果问题</build>
        <build>2:修改图片显示不全的问题（后面的图片，右侧有一部分没显示出来）。</build>
        <build>1:修改进入子应用时图片不显示的问题。</build>
        <build>0:旋转木马动画功能插件</build>
	</plugin>
</uexplugins>