﻿﻿<?xml version="1.0" encoding="utf-8" ?>
<uexplugins>
    <plugin uexName="uexQQ" version="3.0.6" build = "6">
        <info>6:支持config.xml配置</info>
        <build>5:修复qq图文分享错误</build>
        <build>4:修复只能登录一次问题</build>
        <build>3:新增isQQInstalled检查QQ客户端是否已安装的方法</build>
        <build>2:修改cbLogin方法参数</build>
        <build>1:AndroidManifest.xml中添加必要权限</build>
        <build>0:QQ登录及分享插件</build>
    </plugin>
</uexplugins>
