<?xml version="1.0" encoding="utf-8"?>
<uexplugins>
    <plugin
        uexName="uexAliPay" version="3.0.8" build="8">
        <info>8:更新支付宝SDK到2.2.1</info>
        <build>7:uexAliPay新增gotoPay传入服务器签名好的数据直接支付</build>
        <build>6:统一支付返回状态</build>
        <build>5:修改uexAliPay插件支付状态码</build>
        <build>4:修改plist文件，修复支付没有回调的问题</build>
        <build>3:更新支付宝SDK,支持arm64</build>
        <build>2:修复支付完成或支付取消后退出当前页面的崩溃问题</build>
        <build>1:notifyURL改为可选参数</build>
        <build>0:支付宝快捷支付</build>
    </plugin>
</uexplugins>

