<?xml version="1.0" encoding="utf-8"?>
<uexplugins>
    <plugin
            uexName="uexLocation" version="3.0.11" build="11">
        <info>11:新增getAddressByType接口，支持指定类型的经纬度返回</info>
        <build>10:升级逆地理编码接口</build>
        <build>9:更新SDK版本到3.7.3;简化测试case</build>
        <build>8:新增坐标系转换接口,支持wgs84,gcj02,bd09格式相互转换</build>
        <build>7:修复bug支持后台定位插件</build>
        <build>6:sdk升级</build>
        <build>5:修复getAddress方法flag为1时返回json格式不正确的问题</build>
        <build>4:移动插件包中的定位jar包和so文件至引擎中</build>
        <build>3:新增getAddress接口参数</build>
        <build>2:修改uexLocation不能在关闭gprs 和wifi的时候使用gps 获取坐标</build>
        <build>1:修改配置文件兼容IDE</build>
        <build>0:定位功能插件</build>
    </plugin>
</uexplugins>