﻿<?xml version="1.0" encoding="utf-8"?>
<uexplugins>
    <plugin
        uexName="uexBaiduMap" version="3.2.37" build="37">
        <info>37:更新SDK,增加getCenter得到地图中心点方法</info>
        <build>36:优化了getDistance的算法，使用新版本SDK自带工具类DistanceUtil进行计算，使计算值更为精准</build>
        <build>35:更新SDK后appkey验证广播机制改变，由于onSDKReceiverError回调只为前端开发者所提供，所以使用Toast替代</build>
        <build>34:修复了getCurrentLocation必须open才能使用的问题
              34.1:修复了地理编码、反地理编码必须open才能使用的问题</build>
        <build>33:更新SDK版本,将百度地图所有库导入</build>
        <build>32.1:增加了getDistance得到两点间直线距离方法
                 2:在回调方法cbPoiSearchResult中增加distance字段，返回距离
                 3：规范代码，与之前使用同一种风格</build>
        <build>31:增加了，当不打开地图View时，也可以调用poi搜索功能（目前支持城市检索，周边检索，区域检索）
              31.1:修复了打开地图再关闭地图，搜索poi无效的问题</build>
        <build>30:修复了前端调用open方法时传入小数时抛出NumberFormatException的问题</build>
        <build>29:修复了持续定位时cbCurrentLocation回调不生效的问题</build>
        <build>28:修复open接口传入的中心点不生效的问题</build>
        <build>27:修改插件，使其支持config配置APIKey</build>
        <build>26:去掉插件中的ActivityGroup,配合引擎升级</build>
        <build>25:国际化</build>
        <build>24:修改百度地图中引用的jar包，解除与百度导航插件之间的打包冲突问题</build>
        <build>23:修复地理编码接口当地址错误时程序崩溃的问题</build>
        <build>22:修复加入百度地图插件后uexLocation.openLocation()中的onchange事件不能使用问题</build>
        <build>21:规避百度地图SDK的BitmapDescriptorFactory中fromView方法重复调用crash问题</build>
        <build>20:修复点击路径规划中的起终点标注时，应用崩溃的问题</build>
        <build>19:解决百度地图上箭头不转动的问题</build>
        <build>18:增加onMapStatusChangeListener监听方法监听地图状态改变，以及添加标注时增加气泡属性</build>
        <build>17:修复打开百度地图闪黑屏问题</build>
        <build>16:增加onMarkerClickListener和onMarkerBubbleClickListener接口</build>
        <build>15:增加onZoomLevelChangeListener地图缩放级别改变时，获取缩放级别和中心点的监听</build>
        <build>14:增加zoomControlsEnabled显示或隐藏缩放控件</build>
        <build>13:增加hideMap(隐藏地图)和showMap(显示地图)的接口</build>
        <build>12:修改添加相同url标注，标注不显示的问题</build>
        <build>11:修改cbOpen和onSearchRoutePlan的JS回调方式</build>
        <build>10:增加加载地图完成的cbOpen回调和线路规划搜索结果返回时的监听onSearchRoutePlan</build>
        <build>9:移动插件包中的定位jar包和so文件至引擎中</build>
        <build>8:修改在百度地图窗口打开新窗口报错问题</build>
        <build>7:修改获取当前位置时返回结果错误问题</build>
        <build>6:增加setUserTrackingMode接口</build>
        <build>5:修改点击显示线路和添加标注按钮无反应问题</build>
        <build>4:修改点击标注空指针异常问题</build>
        <build>3:修改地理编码和反地理编码JSON回调方法名称</build>
        <build>2:添加标注支持网络图片的功能</build>
        <build>1:增加清除公交线路和清除线路规划接口</build>
        <build>0:百度地图插件，封装最新的百度地图API</build>
    </plugin>
</uexplugins>